0, 2015-12-01 12:00:00, 0
1, 2015-12-01 13:00:00, 0
2, 2015-12-01 14:00:00, 0
3, 2015-12-01 15:00:00, 0
4, 2015-12-01 16:00:00, 0
5, 2015-12-01 17:00:00, 0
6, 2015-12-01 18:00:00, 0
7, 2015-12-01 19:00:00, 0
8, 2015-12-01 20:00:00, 0
9, 2015-12-01 21:00:00, 0
10, 2015-12-01 22:00:00, 0
11, 2015-12-01 23:00:00, 0
12, 2015-12-02 00:00:00, 0
13, 2015-12-02 01:00:00, 0
14, 2015-12-02 02:00:00, 0
15, 2015-12-02 03:00:00, 0
16, 2015-12-02 04:00:00, 0
17, 2015-12-02 05:00:00, 0
18, 2015-12-02 06:00:00, 0
19, 2015-12-02 07:00:00, 0
20, 2015-12-02 08:00:00, 0
21, 2015-12-02 09:00:00, 0
22, 2015-12-02 10:00:00, 0
23, 2015-12-02 11:00:00, 0
24, 2015-12-02 12:00:00, 0
25, 2015-12-02 13:00:00, 0
26, 2015-12-02 14:00:00, 0
27, 2015-12-02 15:00:00, 0
28, 2015-12-02 16:00:00, 0
29, 2015-12-02 17:00:00, 0
30, 2015-12-02 18:00:00, 0
31, 2015-12-02 19:00:00, 0
32, 2015-12-02 20:00:00, 0
33, 2015-12-02 21:00:00, 0
34, 2015-12-02 22:00:00, 0
35, 2015-12-02 23:00:00, 0
36, 2015-12-03 00:00:00, 0
37, 2015-12-03 01:00:00, 0
38, 2015-12-03 02:00:00, 0
39, 2015-12-03 03:00:00, 0
40, 2015-12-03 04:00:00, 0
41, 2015-12-03 05:00:00, 0
42, 2015-12-03 06:00:00, 0
43, 2015-12-03 07:00:00, 0
44, 2015-12-03 08:00:00, 0
45, 2015-12-03 09:00:00, 0
46, 2015-12-03 10:00:00, 0
47, 2015-12-03 11:00:00, 0
48, 2015-12-03 12:00:00, 0
49, 2015-12-03 13:00:00, 0
50, 2015-12-03 14:00:00, 0
51, 2015-12-03 15:00:00, 0
52, 2015-12-03 16:00:00, 0
53, 2015-12-03 17:00:00, 0
54, 2015-12-03 18:00:00, 0
55, 2015-12-03 19:00:00, 0
56, 2015-12-03 20:00:00, 0
57, 2015-12-03 21:00:00, 0
58, 2015-12-03 22:00:00, 0
59, 2015-12-03 23:00:00, 0
60, 2015-12-04 00:00:00, 0
61, 2015-12-04 01:00:00, 0
62, 2015-12-04 02:00:00, 0
63, 2015-12-04 03:00:00, 0
64, 2015-12-04 04:00:00, 0
65, 2015-12-04 05:00:00, 0
66, 2015-12-04 06:00:00, 0
67, 2015-12-04 07:00:00, 0
68, 2015-12-04 08:00:00, 0
69, 2015-12-04 09:00:00, 0
70, 2015-12-04 10:00:00, 0
71, 2015-12-04 11:00:00, 0
72, 2015-12-04 12:00:00, 0
73, 2015-12-04 13:00:00, 0
74, 2015-12-04 14:00:00, 0
75, 2015-12-04 15:00:00, 0
76, 2015-12-04 16:00:00, 0
77, 2015-12-04 17:00:00, 0
78, 2015-12-04 18:00:00, 0
79, 2015-12-04 19:00:00, 0
80, 2015-12-04 20:00:00, 0
81, 2015-12-04 21:00:00, 0
82, 2015-12-04 22:00:00, 0
83, 2015-12-04 23:00:00, 0
84, 2015-12-05 00:00:00, 0
85, 2015-12-05 01:00:00, 0
86, 2015-12-05 02:00:00, 0
87, 2015-12-05 03:00:00, 0
88, 2015-12-05 04:00:00, 0
89, 2015-12-05 05:00:00, 0
90, 2015-12-05 06:00:00, 0
91, 2015-12-05 07:00:00, 0
92, 2015-12-05 08:00:00, 0
93, 2015-12-05 09:00:00, 0
94, 2015-12-05 10:00:00, 0
95, 2015-12-05 11:00:00, 0
96, 2015-12-05 12:00:00, 0
97, 2015-12-05 13:00:00, 0
98, 2015-12-05 14:00:00, 0
99, 2015-12-05 15:00:00, 0
100, 2015-12-05 16:00:00, 0
101, 2015-12-05 17:00:00, 0
102, 2015-12-05 18:00:00, 0
103, 2015-12-05 19:00:00, 0
104, 2015-12-05 20:00:00, 0
105, 2015-12-05 21:00:00, 0
106, 2015-12-05 22:00:00, 0
107, 2015-12-05 23:00:00, 0
108, 2015-12-06 00:00:00, 0
109, 2015-12-06 01:00:00, 0
110, 2015-12-06 02:00:00, 0
111, 2015-12-06 03:00:00, 0
112, 2015-12-06 04:00:00, 0
113, 2015-12-06 05:00:00, 0
114, 2015-12-06 06:00:00, 0
115, 2015-12-06 07:00:00, 0
116, 2015-12-06 08:00:00, 0
117, 2015-12-06 09:00:00, 0
118, 2015-12-06 10:00:00, 0
119, 2015-12-06 11:00:00, 0
120, 2015-12-06 12:00:00, 0
121, 2015-12-06 13:00:00, 0
122, 2015-12-06 14:00:00, 0
123, 2015-12-06 15:00:00, 0
124, 2015-12-06 16:00:00, 0
125, 2015-12-06 17:00:00, 0
126, 2015-12-06 18:00:00, 0
127, 2015-12-06 19:00:00, 0
128, 2015-12-06 20:00:00, 0
129, 2015-12-06 21:00:00, 0
130, 2015-12-06 22:00:00, 0
131, 2015-12-06 23:00:00, 0
132, 2015-12-07 00:00:00, 0
133, 2015-12-07 01:00:00, 0
134, 2015-12-07 02:00:00, 0
135, 2015-12-07 03:00:00, 0
136, 2015-12-07 04:00:00, 0
137, 2015-12-07 05:00:00, 0
138, 2015-12-07 06:00:00, 0
139, 2015-12-07 07:00:00, 0
140, 2015-12-07 08:00:00, 0
141, 2015-12-07 09:00:00, 0
142, 2015-12-07 10:00:00, 0
143, 2015-12-07 11:00:00, 0
144, 2015-12-07 12:00:00, 0
145, 2015-12-07 13:00:00, 0
146, 2015-12-07 14:00:00, 0
147, 2015-12-07 15:00:00, 0
148, 2015-12-07 16:00:00, 0
149, 2015-12-07 17:00:00, 0
150, 2015-12-07 18:00:00, 0
151, 2015-12-07 19:00:00, 0
152, 2015-12-07 20:00:00, 0
153, 2015-12-07 21:00:00, 0
154, 2015-12-07 22:00:00, 0
155, 2015-12-07 23:00:00, 0
156, 2015-12-08 00:00:00, 0
157, 2015-12-08 01:00:00, 0
158, 2015-12-08 02:00:00, 0
159, 2015-12-08 03:00:00, 0
160, 2015-12-08 04:00:00, 0
161, 2015-12-08 05:00:00, 0
162, 2015-12-08 06:00:00, 0
163, 2015-12-08 07:00:00, 0
164, 2015-12-08 08:00:00, 0
165, 2015-12-08 09:00:00, 0
166, 2015-12-08 10:00:00, 0
167, 2015-12-08 11:00:00, 0
168, 2015-12-08 12:00:00, 0
169, 2015-12-08 13:00:00, 0
170, 2015-12-08 14:00:00, 0
171, 2015-12-08 15:00:00, 0
172, 2015-12-08 16:00:00, 0
173, 2015-12-08 17:00:00, 0
174, 2015-12-08 18:00:00, 0
175, 2015-12-08 19:00:00, 0
176, 2015-12-08 20:00:00, 0
177, 2015-12-08 21:00:00, 0
178, 2015-12-08 22:00:00, 0
179, 2015-12-08 23:00:00, 0
180, 2015-12-09 00:00:00, 0
181, 2015-12-09 01:00:00, 0
182, 2015-12-09 02:00:00, 0
183, 2015-12-09 03:00:00, 0
184, 2015-12-09 04:00:00, 0
185, 2015-12-09 05:00:00, 0
186, 2015-12-09 06:00:00, 0
187, 2015-12-09 07:00:00, 0
188, 2015-12-09 08:00:00, 0
189, 2015-12-09 09:00:00, 0
190, 2015-12-09 10:00:00, 0
191, 2015-12-09 11:00:00, 0
192, 2015-12-09 12:00:00, 0
193, 2015-12-09 13:00:00, 0
194, 2015-12-09 14:00:00, 0
195, 2015-12-09 15:00:00, 0
196, 2015-12-09 16:00:00, 0
197, 2015-12-09 17:00:00, 0
198, 2015-12-09 18:00:00, 0
199, 2015-12-09 19:00:00, 0
200, 2015-12-09 20:00:00, 0
201, 2015-12-09 21:00:00, 0
202, 2015-12-09 22:00:00, 0
203, 2015-12-09 23:00:00, 0
204, 2015-12-10 00:00:00, 0
205, 2015-12-10 01:00:00, 0
206, 2015-12-10 02:00:00, 0
207, 2015-12-10 03:00:00, 0
208, 2015-12-10 04:00:00, 0
209, 2015-12-10 05:00:00, 0
210, 2015-12-10 06:00:00, 0
211, 2015-12-10 07:00:00, 0
212, 2015-12-10 08:00:00, 0
213, 2015-12-10 09:00:00, 0
214, 2015-12-10 10:00:00, 0
215, 2015-12-10 11:00:00, 0
216, 2015-12-10 12:00:00, 0
217, 2015-12-10 13:00:00, 0
218, 2015-12-10 14:00:00, 0
219, 2015-12-10 15:00:00, 0
220, 2015-12-10 16:00:00, 0
221, 2015-12-10 17:00:00, 0
222, 2015-12-10 18:00:00, 0
223, 2015-12-10 19:00:00, 0
224, 2015-12-10 20:00:00, 0
225, 2015-12-10 21:00:00, 0
226, 2015-12-10 22:00:00, 0
227, 2015-12-10 23:00:00, 0
228, 2015-12-11 00:00:00, 0
229, 2015-12-11 01:00:00, 0
230, 2015-12-11 02:00:00, 0
231, 2015-12-11 03:00:00, 0
232, 2015-12-11 04:00:00, 0
233, 2015-12-11 05:00:00, 0
234, 2015-12-11 06:00:00, 0
235, 2015-12-11 07:00:00, 0
236, 2015-12-11 08:00:00, 0
237, 2015-12-11 09:00:00, 0
238, 2015-12-11 10:00:00, 0
239, 2015-12-11 11:00:00, 0
240, 2015-12-11 12:00:00, 0
241, 2015-12-11 13:00:00, 0
242, 2015-12-11 14:00:00, 0
243, 2015-12-11 15:00:00, 0
244, 2015-12-11 16:00:00, 0
245, 2015-12-11 17:00:00, 0
246, 2015-12-11 18:00:00, 0
247, 2015-12-11 19:00:00, 0
248, 2015-12-11 20:00:00, 0
249, 2015-12-11 21:00:00, 0
250, 2015-12-11 22:00:00, 0
251, 2015-12-11 23:00:00, 0
252, 2015-12-12 00:00:00, 0
253, 2015-12-12 01:00:00, 0
254, 2015-12-12 02:00:00, 0
255, 2015-12-12 03:00:00, 0
256, 2015-12-12 04:00:00, 0
257, 2015-12-12 05:00:00, 0
258, 2015-12-12 06:00:00, 0
259, 2015-12-12 07:00:00, 0
260, 2015-12-12 08:00:00, 0
261, 2015-12-12 09:00:00, 0
262, 2015-12-12 10:00:00, 0
263, 2015-12-12 11:00:00, 0
264, 2015-12-12 12:00:00, 0
265, 2015-12-12 13:00:00, 0
266, 2015-12-12 14:00:00, 0
267, 2015-12-12 15:00:00, 0
268, 2015-12-12 16:00:00, 0
269, 2015-12-12 17:00:00, 0
270, 2015-12-12 18:00:00, 0
271, 2015-12-12 19:00:00, 0
272, 2015-12-12 20:00:00, 0
273, 2015-12-12 21:00:00, 0
274, 2015-12-12 22:00:00, 0
275, 2015-12-12 23:00:00, 0
276, 2015-12-13 00:00:00, 0
277, 2015-12-13 01:00:00, 0
278, 2015-12-13 02:00:00, 0
279, 2015-12-13 03:00:00, 0
280, 2015-12-13 04:00:00, 0
281, 2015-12-13 05:00:00, 0
282, 2015-12-13 06:00:00, 0
283, 2015-12-13 07:00:00, 0
284, 2015-12-13 08:00:00, 0
285, 2015-12-13 09:00:00, 0
286, 2015-12-13 10:00:00, 0
287, 2015-12-13 11:00:00, 0
288, 2015-12-13 12:00:00, 0
289, 2015-12-13 13:00:00, 0
290, 2015-12-13 14:00:00, 0
291, 2015-12-13 15:00:00, 0
292, 2015-12-13 16:00:00, 0
293, 2015-12-13 17:00:00, 0
294, 2015-12-13 18:00:00, 0
295, 2015-12-13 19:00:00, 0
296, 2015-12-13 20:00:00, 0
297, 2015-12-13 21:00:00, 0
298, 2015-12-13 22:00:00, 0
299, 2015-12-13 23:00:00, 0
300, 2015-12-14 00:00:00, 0
301, 2015-12-14 01:00:00, 0
302, 2015-12-14 02:00:00, 0
303, 2015-12-14 03:00:00, 0
304, 2015-12-14 04:00:00, 0
305, 2015-12-14 05:00:00, 0
306, 2015-12-14 06:00:00, 0
307, 2015-12-14 07:00:00, 0
308, 2015-12-14 08:00:00, 0
309, 2015-12-14 09:00:00, 0
310, 2015-12-14 10:00:00, 0
311, 2015-12-14 11:00:00, 0
312, 2015-12-14 12:00:00, 0
313, 2015-12-14 13:00:00, 0
314, 2015-12-14 14:00:00, 0
315, 2015-12-14 15:00:00, 0
316, 2015-12-14 16:00:00, 0
317, 2015-12-14 17:00:00, 0
318, 2015-12-14 18:00:00, 0
319, 2015-12-14 19:00:00, 0
320, 2015-12-14 20:00:00, 0
321, 2015-12-14 21:00:00, 0
322, 2015-12-14 22:00:00, 0
323, 2015-12-14 23:00:00, 0
324, 2015-12-15 00:00:00, 0
325, 2015-12-15 01:00:00, 0
326, 2015-12-15 02:00:00, 0
327, 2015-12-15 03:00:00, 0
328, 2015-12-15 04:00:00, 0
329, 2015-12-15 05:00:00, 0
330, 2015-12-15 06:00:00, 0
331, 2015-12-15 07:00:00, 0
332, 2015-12-15 08:00:00, 0
333, 2015-12-15 09:00:00, 0
334, 2015-12-15 10:00:00, 0
335, 2015-12-15 11:00:00, 0
336, 2015-12-15 12:00:00, 0
337, 2015-12-15 13:00:00, 0
338, 2015-12-15 14:00:00, 0
339, 2015-12-15 15:00:00, 0
340, 2015-12-15 16:00:00, 0
341, 2015-12-15 17:00:00, 0
342, 2015-12-15 18:00:00, 0
343, 2015-12-15 19:00:00, 0
344, 2015-12-15 20:00:00, 0
345, 2015-12-15 21:00:00, 0
346, 2015-12-15 22:00:00, 0
347, 2015-12-15 23:00:00, 0
348, 2015-12-16 00:00:00, 0
349, 2015-12-16 01:00:00, 0
350, 2015-12-16 02:00:00, 0
351, 2015-12-16 03:00:00, 0
352, 2015-12-16 04:00:00, 0
353, 2015-12-16 05:00:00, 0
354, 2015-12-16 06:00:00, 0
355, 2015-12-16 07:00:00, 0
356, 2015-12-16 08:00:00, 0
357, 2015-12-16 09:00:00, 0
358, 2015-12-16 10:00:00, 0
359, 2015-12-16 11:00:00, 0
360, 2015-12-16 12:00:00, 0
361, 2015-12-16 13:00:00, 0
362, 2015-12-16 14:00:00, 0
363, 2015-12-16 15:00:00, 0
364, 2015-12-16 16:00:00, 0
365, 2015-12-16 17:00:00, 0
366, 2015-12-16 18:00:00, 0
367, 2015-12-16 19:00:00, 0
368, 2015-12-16 20:00:00, 0
369, 2015-12-16 21:00:00, 0
370, 2015-12-16 22:00:00, 0
371, 2015-12-16 23:00:00, 0
372, 2015-12-17 00:00:00, 0
373, 2015-12-17 01:00:00, 0
374, 2015-12-17 02:00:00, 0
375, 2015-12-17 03:00:00, 0
376, 2015-12-17 04:00:00, 0
377, 2015-12-17 05:00:00, 0
378, 2015-12-17 06:00:00, 0
379, 2015-12-17 07:00:00, 0
380, 2015-12-17 08:00:00, 0
381, 2015-12-17 09:00:00, 0
382, 2015-12-17 10:00:00, 0
383, 2015-12-17 11:00:00, 0
384, 2015-12-17 12:00:00, 0
385, 2015-12-17 13:00:00, 0
386, 2015-12-17 14:00:00, 0
387, 2015-12-17 15:00:00, 0
388, 2015-12-17 16:00:00, 0
389, 2015-12-17 17:00:00, 0
390, 2015-12-17 18:00:00, 0
391, 2015-12-17 19:00:00, 0
392, 2015-12-17 20:00:00, 0
393, 2015-12-17 21:00:00, 0
394, 2015-12-17 22:00:00, 0
395, 2015-12-17 23:00:00, 0
396, 2015-12-18 00:00:00, 0
397, 2015-12-18 01:00:00, 0
398, 2015-12-18 02:00:00, 0
399, 2015-12-18 03:00:00, 0
400, 2015-12-18 04:00:00, 0
401, 2015-12-18 05:00:00, 0
402, 2015-12-18 06:00:00, 0
403, 2015-12-18 07:00:00, 0
404, 2015-12-18 08:00:00, 0
405, 2015-12-18 09:00:00, 0
406, 2015-12-18 10:00:00, 0
407, 2015-12-18 11:00:00, 0
408, 2015-12-18 12:00:00, 0
409, 2015-12-18 13:00:00, 0
410, 2015-12-18 14:00:00, 0
411, 2015-12-18 15:00:00, 0
412, 2015-12-18 16:00:00, 0
413, 2015-12-18 17:00:00, 0
414, 2015-12-18 18:00:00, 0
415, 2015-12-18 19:00:00, 0
416, 2015-12-18 20:00:00, 0
417, 2015-12-18 21:00:00, 0
418, 2015-12-18 22:00:00, 0
419, 2015-12-18 23:00:00, 0
420, 2015-12-19 00:00:00, 0
421, 2015-12-19 01:00:00, 0
422, 2015-12-19 02:00:00, 0
423, 2015-12-19 03:00:00, 0
424, 2015-12-19 04:00:00, 0
425, 2015-12-19 05:00:00, 0
426, 2015-12-19 06:00:00, 0
427, 2015-12-19 07:00:00, 0
428, 2015-12-19 08:00:00, 0
429, 2015-12-19 09:00:00, 0
430, 2015-12-19 10:00:00, 0
431, 2015-12-19 11:00:00, 0
432, 2015-12-19 12:00:00, 0
433, 2015-12-19 13:00:00, 0
434, 2015-12-19 14:00:00, 0
435, 2015-12-19 15:00:00, 0
436, 2015-12-19 16:00:00, 0
437, 2015-12-19 17:00:00, 0
438, 2015-12-19 18:00:00, 0
439, 2015-12-19 19:00:00, 0
440, 2015-12-19 20:00:00, 0
441, 2015-12-19 21:00:00, 0
442, 2015-12-19 22:00:00, 0
443, 2015-12-19 23:00:00, 0
444, 2015-12-20 00:00:00, 0
445, 2015-12-20 01:00:00, 0
446, 2015-12-20 02:00:00, 0
447, 2015-12-20 03:00:00, 0
448, 2015-12-20 04:00:00, 0
449, 2015-12-20 05:00:00, 0
450, 2015-12-20 06:00:00, 0
451, 2015-12-20 07:00:00, 0
452, 2015-12-20 08:00:00, 0
453, 2015-12-20 09:00:00, 0
454, 2015-12-20 10:00:00, 0
455, 2015-12-20 11:00:00, 0
456, 2015-12-20 12:00:00, 0
457, 2015-12-20 13:00:00, 0
458, 2015-12-20 14:00:00, 0
459, 2015-12-20 15:00:00, 0
460, 2015-12-20 16:00:00, 0
461, 2015-12-20 17:00:00, 0
462, 2015-12-20 18:00:00, 0
463, 2015-12-20 19:00:00, 0
464, 2015-12-20 20:00:00, 0
465, 2015-12-20 21:00:00, 0
466, 2015-12-20 22:00:00, 0
467, 2015-12-20 23:00:00, 0
468, 2015-12-21 00:00:00, 0
469, 2015-12-21 01:00:00, 0
470, 2015-12-21 02:00:00, 0
471, 2015-12-21 03:00:00, 0
472, 2015-12-21 04:00:00, 0
473, 2015-12-21 05:00:00, 0
474, 2015-12-21 06:00:00, 0
475, 2015-12-21 07:00:00, 0
476, 2015-12-21 08:00:00, 0
477, 2015-12-21 09:00:00, 0
478, 2015-12-21 10:00:00, 0
479, 2015-12-21 11:00:00, 0
480, 2015-12-21 12:00:00, 0
481, 2015-12-21 13:00:00, 0
482, 2015-12-21 14:00:00, 0
483, 2015-12-21 15:00:00, 0
484, 2015-12-21 16:00:00, 0
485, 2015-12-21 17:00:00, 0
486, 2015-12-21 18:00:00, 0
487, 2015-12-21 19:00:00, 0
488, 2015-12-21 20:00:00, 0
489, 2015-12-21 21:00:00, 0
490, 2015-12-21 22:00:00, 0
491, 2015-12-21 23:00:00, 0
492, 2015-12-22 00:00:00, 0
493, 2015-12-22 01:00:00, 0
494, 2015-12-22 02:00:00, 0
495, 2015-12-22 03:00:00, 0
496, 2015-12-22 04:00:00, 0
497, 2015-12-22 05:00:00, 0
498, 2015-12-22 06:00:00, 0
499, 2015-12-22 07:00:00, 0
500, 2015-12-22 08:00:00, 0
501, 2015-12-22 09:00:00, 0
502, 2015-12-22 10:00:00, 0
503, 2015-12-22 11:00:00, 0
504, 2015-12-22 12:00:00, 0
505, 2015-12-22 13:00:00, 0
506, 2015-12-22 14:00:00, 0
507, 2015-12-22 15:00:00, 0
508, 2015-12-22 16:00:00, 0
509, 2015-12-22 17:00:00, 0
510, 2015-12-22 18:00:00, 0
511, 2015-12-22 19:00:00, 0
512, 2015-12-22 20:00:00, 0
513, 2015-12-22 21:00:00, 0
514, 2015-12-22 22:00:00, 0
515, 2015-12-22 23:00:00, 0
516, 2015-12-23 00:00:00, 0
517, 2015-12-23 01:00:00, 0
518, 2015-12-23 02:00:00, 0
519, 2015-12-23 03:00:00, 0
520, 2015-12-23 04:00:00, 0
521, 2015-12-23 05:00:00, 0
522, 2015-12-23 06:00:00, 0
523, 2015-12-23 07:00:00, 0
524, 2015-12-23 08:00:00, 0
525, 2015-12-23 09:00:00, 0
526, 2015-12-23 10:00:00, 0
527, 2015-12-23 11:00:00, 0
528, 2015-12-23 12:00:00, 0
529, 2015-12-23 13:00:00, 0
530, 2015-12-23 14:00:00, 0
531, 2015-12-23 15:00:00, 0
532, 2015-12-23 16:00:00, 0
533, 2015-12-23 17:00:00, 0
534, 2015-12-23 18:00:00, 0
535, 2015-12-23 19:00:00, 0
536, 2015-12-23 20:00:00, 0
537, 2015-12-23 21:00:00, 0
538, 2015-12-23 22:00:00, 0
539, 2015-12-23 23:00:00, 0
540, 2015-12-24 00:00:00, 0
541, 2015-12-24 01:00:00, 0
542, 2015-12-24 02:00:00, 0
543, 2015-12-24 03:00:00, 0
544, 2015-12-24 04:00:00, 0
545, 2015-12-24 05:00:00, 0
546, 2015-12-24 06:00:00, 0
547, 2015-12-24 07:00:00, 0
548, 2015-12-24 08:00:00, 0
549, 2015-12-24 09:00:00, 0
550, 2015-12-24 10:00:00, 0
551, 2015-12-24 11:00:00, 0
552, 2015-12-24 12:00:00, 0
553, 2015-12-24 13:00:00, 0
554, 2015-12-24 14:00:00, 0
555, 2015-12-24 15:00:00, 0
556, 2015-12-24 16:00:00, 0
557, 2015-12-24 17:00:00, 0
558, 2015-12-24 18:00:00, 0
559, 2015-12-24 19:00:00, 0
560, 2015-12-24 20:00:00, 0
561, 2015-12-24 21:00:00, 0
562, 2015-12-24 22:00:00, 0
563, 2015-12-24 23:00:00, 0
564, 2015-12-25 00:00:00, 0
565, 2015-12-25 01:00:00, 0
566, 2015-12-25 02:00:00, 0
567, 2015-12-25 03:00:00, 0
568, 2015-12-25 04:00:00, 0
569, 2015-12-25 05:00:00, 0
570, 2015-12-25 06:00:00, 0
571, 2015-12-25 07:00:00, 0
572, 2015-12-25 08:00:00, 0
573, 2015-12-25 09:00:00, 0
574, 2015-12-25 10:00:00, 0
575, 2015-12-25 11:00:00, 0
576, 2015-12-25 12:00:00, 0
577, 2015-12-25 13:00:00, 0
578, 2015-12-25 14:00:00, 0
579, 2015-12-25 15:00:00, 0
580, 2015-12-25 16:00:00, 0
581, 2015-12-25 17:00:00, 0
582, 2015-12-25 18:00:00, 0
583, 2015-12-25 19:00:00, 0
584, 2015-12-25 20:00:00, 0
585, 2015-12-25 21:00:00, 0
586, 2015-12-25 22:00:00, 0
587, 2015-12-25 23:00:00, 0
588, 2015-12-26 00:00:00, 0
589, 2015-12-26 01:00:00, 0
590, 2015-12-26 02:00:00, 0
591, 2015-12-26 03:00:00, 0
592, 2015-12-26 04:00:00, 0
593, 2015-12-26 05:00:00, 0
594, 2015-12-26 06:00:00, 0
595, 2015-12-26 07:00:00, 0
596, 2015-12-26 08:00:00, 0
597, 2015-12-26 09:00:00, 0
598, 2015-12-26 10:00:00, 0
599, 2015-12-26 11:00:00, 0
600, 2015-12-26 12:00:00, 0
601, 2015-12-26 13:00:00, 0
602, 2015-12-26 14:00:00, 0
603, 2015-12-26 15:00:00, 0
604, 2015-12-26 16:00:00, 0
605, 2015-12-26 17:00:00, 0
606, 2015-12-26 18:00:00, 0
607, 2015-12-26 19:00:00, 0
608, 2015-12-26 20:00:00, 0
609, 2015-12-26 21:00:00, 0
610, 2015-12-26 22:00:00, 0
611, 2015-12-26 23:00:00, 0
612, 2015-12-27 00:00:00, 0
613, 2015-12-27 01:00:00, 0
614, 2015-12-27 02:00:00, 0
615, 2015-12-27 03:00:00, 0
616, 2015-12-27 04:00:00, 0
617, 2015-12-27 05:00:00, 0
618, 2015-12-27 06:00:00, 0
619, 2015-12-27 07:00:00, 0
620, 2015-12-27 08:00:00, 0
621, 2015-12-27 09:00:00, 0
622, 2015-12-27 10:00:00, 0
623, 2015-12-27 11:00:00, 0
624, 2015-12-27 12:00:00, 0
625, 2015-12-27 13:00:00, 0
626, 2015-12-27 14:00:00, 0
627, 2015-12-27 15:00:00, 0
628, 2015-12-27 16:00:00, 0
629, 2015-12-27 17:00:00, 0
630, 2015-12-27 18:00:00, 0
631, 2015-12-27 19:00:00, 0
632, 2015-12-27 20:00:00, 0
633, 2015-12-27 21:00:00, 0
634, 2015-12-27 22:00:00, 0
635, 2015-12-27 23:00:00, 0
636, 2015-12-28 00:00:00, 0
637, 2015-12-28 01:00:00, 0
638, 2015-12-28 02:00:00, 0
639, 2015-12-28 03:00:00, 0
640, 2015-12-28 04:00:00, 0
641, 2015-12-28 05:00:00, 0
642, 2015-12-28 06:00:00, 0
643, 2015-12-28 07:00:00, 0
644, 2015-12-28 08:00:00, 0
645, 2015-12-28 09:00:00, 0
646, 2015-12-28 10:00:00, 0
647, 2015-12-28 11:00:00, 0
648, 2015-12-28 12:00:00, 0
649, 2015-12-28 13:00:00, 0
650, 2015-12-28 14:00:00, 0
651, 2015-12-28 15:00:00, 0
652, 2015-12-28 16:00:00, 0
653, 2015-12-28 17:00:00, 0
654, 2015-12-28 18:00:00, 0
655, 2015-12-28 19:00:00, 0
656, 2015-12-28 20:00:00, 0
657, 2015-12-28 21:00:00, 0
658, 2015-12-28 22:00:00, 0
659, 2015-12-28 23:00:00, 0
660, 2015-12-29 00:00:00, 0
661, 2015-12-29 01:00:00, 0
662, 2015-12-29 02:00:00, 0
663, 2015-12-29 03:00:00, 0
664, 2015-12-29 04:00:00, 0
665, 2015-12-29 05:00:00, 0
666, 2015-12-29 06:00:00, 0
667, 2015-12-29 07:00:00, 0
668, 2015-12-29 08:00:00, 0
669, 2015-12-29 09:00:00, 0
670, 2015-12-29 10:00:00, 0
671, 2015-12-29 11:00:00, 0
672, 2015-12-29 12:00:00, 0
673, 2015-12-29 13:00:00, 0
674, 2015-12-29 14:00:00, 0
675, 2015-12-29 15:00:00, 0
676, 2015-12-29 16:00:00, 0
677, 2015-12-29 17:00:00, 0
678, 2015-12-29 18:00:00, 0
679, 2015-12-29 19:00:00, 0
680, 2015-12-29 20:00:00, 0
681, 2015-12-29 21:00:00, 0
682, 2015-12-29 22:00:00, 0
683, 2015-12-29 23:00:00, 0
684, 2015-12-30 00:00:00, 0
685, 2015-12-30 01:00:00, 0
686, 2015-12-30 02:00:00, 0
687, 2015-12-30 03:00:00, 0
688, 2015-12-30 04:00:00, 0
689, 2015-12-30 05:00:00, 0
690, 2015-12-30 06:00:00, 0
691, 2015-12-30 07:00:00, 0
692, 2015-12-30 08:00:00, 0
693, 2015-12-30 09:00:00, 0
694, 2015-12-30 10:00:00, 0
695, 2015-12-30 11:00:00, 0
696, 2015-12-30 12:00:00, 0
